Content,Topic
"علم الإنسان أو الأنثروبولوجيا (بالإنجليزية: Anthropology)‏ من أصل يوناني حيث ""Anthropos"" تعني إنسانًا، و""Logos"" تعني علمًا. فيكون هذا العلم مختصًّا بدراسة الإنسان.[1][2]
",Anthropology
"يتفرع علم الإنسان إلى كل من علم الإنسان الاجتماعي الذي يدرس تصرفات البشر المعاصرين وعلم الإنسان الثقافي الذي يدرس بناء الثقافات البشرية وأداءها وظائفها في كل زمان ومكان. وعلم الأنثروبولوجيا اللغوية الذي يدرس تأثير اللغة على الحياة الاجتماعية. وعلم الإنسان الحيوي الذي يدرس تطور الإنسان بيولوجيًّا.[3][4][5] أما علم الآثار الذي يدرس ثقافات البشر القديمة بالتحقيق في الأدلة المادية، فيعد فرعًا من علم الإنسان في الولايات المتحدة[6] بينما يُنظر إليه في أوروبا على أنه علم منفصل بذاته، أو أنه أقرب إلى التاريخ منه إلى الأنثروبولوجيا.
",Anthropology
"يُعرَّف علم الإنسان العامّ بأنه:
",Anthropology
"وهو ما يعني أن علم الإنسان هو علم الإنسان طبيعيًّا واجتماعيًّا وحضاريًّا.
",Anthropology
"يقسم علم الإنسان إلى أربعة أقسام رئيسة من وجهةِ نظر الأنثروبولوجييّن في بريطانيا، وهذهِ ألاقسام هي:
",Anthropology
"يرتبط هذا القسم بالعلوم الطبيعية وخاصة علم التشريح وعلم وظائف الأعضاء ""physiology""، وعلم الحياة ""Biology"". وينتمي هذا القسم إلى طائفة العلوم الطبيعية، وأهم تخصصاتهُ علم العظام ""Osteology""، وعلم البناء الإنساني ""Human Morphology""، ومقاييس جسم الإنسان ""anthropometry""، ودراسة مقاييس الأجسام الحية ""Biometrics""، وعلم الجراحة الإنساني ""Human surgery"".
ويُدرّس هذا القسم في كلياتِ الطب والعلوم ومعظم المتخصصينَ فيهِ من الأطباء وعُلماءَ الحياة، ولكنهُ يدرّس أيضاً في كلياتِ العلوم الاجتماعية في أقسام الأنثروبولوجيا.
",Anthropology
"وتتناول الأنثروبولوجيا الطبيعية دراسة ظهور الإنسان على الأرض كسلالةٍ مُتميزة، واكتسابه صفات خاصة كالسير منتصباً، والقدرة على استعمال اليدين، والقدرة على الكلام، وكبر الدماغ، ثم تدرس تطوره حياتيا. وانتشاره على الأرض، وتدرس السلالات البشرية القديمة وصفاتها، والعناصر البشرية المُعاصرة وصفاتها وأوصافها الجسمّية المُختلفة، وتوزيع تلكَ العناصر على قارات الأرض، وتضع مقاييس وضوابط لتلكَ العناصر، كطول القامة، وشكل الجمجمة، ولون الشعر وكثافته، ولون العين وأشكالها، ولون البشرة، وأشكال الأنوف. وتدرس الوراثة، وانتقال ميزات الجنس البشري من جيلٍ لآخر.
",Anthropology
"وتتركز الدراساتُ فيها على المُجتمعات البدائية. ومُنذ الحرب العالمية الثانية أخذت تدرس المجتمعات الريفية والحضرية في الدول النامية والمُتقدمِة. فتدرس البناء الاجتماعي والعلاقات الاجتماعية والنظم الاجتماعية مثل العائلة، والفخذ، والعشيرة، والقرابة، والزواج، والطبقات والطوائف الاجتماعية، والنظم الاقتصادية، كالإنتاج، والتوزيع، والإستهلاك، والمقايضة، والنقود، والنظم السياسية، كالقوانين، والعقوبات، والسلطة والحكومة، والنظم العقائدية، كالسحر والدين. كما تدرس النسق الإيكولوجي.
",Anthropology
"يهتم فرع علم الإنسان الاجتماعيّ بتحليل البناء الاجتماعي للمجتمعات الإنسانية وخاصة المُجتمعات البدائية التي يظهر فيها بوضوح تكامل ووحدة البناء الاجتماعي، وهكذا يتركز اهتمام هذا الفرع بالقطاع الاجتماعي للحضارة، ويتمّيز بالدراسة العميقة التفصيلية للبناء الاجتماعي وتوضيح الترابط والتأثير المتبادل بين النظم الاجتماعية «النظرية الوظيفية» للعلامة «راد كليف براون»، وأساسها إن النظمَ الاجتماعية في مجتمع ما، هي نسيجٌ متشابك العناصر – يُؤثر كل عنصر في العناصر الأخرى، وتعمل تلكَ العناصر على خلق وحدة اجتماعية تسمح للمجتمع بالاستمرار والبقاء، ولا يهتم علم الإنسان الاجتماعي المُعاصر بتأريخ النظم الاجتماعية، لأن تأريخ النظام الاجتماعي لا يفسر طبيعتهُ وإنما تفسر تلكَ الطبيعة عن طريق تحديد وظيفة النظام الاجتماعي الواحد في البناء الاجتماعي للمجتمع.
",Anthropology
"وتدرس مُخترعات الشعوب البدائية، وأدواتها، وأجهزتها، وأسلحتها، وطرز المساكن، وأنواع الألبسة، ووسائل الزينة، والفنون، والآداب، والقصص، والخرافات، أي كافة إنتاج الشعب البدائي المادي والروحي.
كما تركز على الاتصال الحضاري بين الشعب ومن يتصل بهِ من الشعوب. وما يقتبسهُ منهم، والتطور الحضاري، والتغير الاجتماعي.
ومُنذ الحرب العالمية الثانية أخذت تدرس المجتمعات الريفية والحضرية في الدول المتقدمة والنامية.
",Anthropology
"وحينَ اتصل الأوربيونَ عن طريق التجارة والتبشير والإستعمار بالشعوب المستعمرة، نشأت الحاجة إلى فهم الشعوب البدائية بقدر ما تقتضيهِ مصلحة الأوربيين في حكم الشعوب واستغلالها، وفي حالاتٍ نادرة جداً بقدر ما تقتضيهِ مساعدة تلكَ الشعوب وأعانتها على اللحاق بقافلة المدنية الحديثة. فنشأ فرعٌ جديدٌ من الأنثروبولوجيا يدرس مشاكل الاتصال بتلكَ الشعوب البدائية ومعضلات إدارتها وتصريف شؤونها ووجوه تحسينها.
ويُدعى هذا الفرع ""الأنثروبولوجيا التطبيقية"".
",Anthropology
"وقد تطورَ هذا الفرع ""الأنثروبولوجيا التطبيقية"" كثيراً، خاصة مُنذ الحرب العالمية الثانية، وتنوّعت مجالاتهُ بتطور أقسام الأنثروبولوجيا وفروعها، إذ إنهُ يمثل الجانب التطبيقي لهذهِ الأقسام والفروع، ولا يعد فرعاً مُستقلاً عنها وإنما هو الأداة الرئيسة لتطبيق نتائج بحوث كل فروع الأنثروبولوجيا والتي تجد طموحاتها لخدمة الإنسان والمُجتمع.
",Anthropology
"وقد شملت تطبيقاتهُ مجالات كثيرة أهمها:
التربية والتعليم، والتحضّر والسُكان، والتنمية الاجتماعية والاقتصادية، خاصة تنمية المُجتمعات المحلية، والمجالات الطبية والصحة العامّة، والنفسية، والإعلام، والاتصال وبرامج الإذاعة والتلفزيون، والتأليف الروائي والمسرحي، والفن، ومجال الفلكلور ""التراث الشعبي""، والمتاحف الإثنولوجية، إضافة إلى المجالات الصناعيّة والعسكرية والحرب النفسية، والسياسة ومُشكلات الإدارة والحكم، والجريمة والسجون، وغيرها.
",Anthropology
"ومن تطور هذا القسم (الأنثروبولوجيا التطبيقية) وازدياد البحوث فيهِ ظهرت فروع حديثة للأنثروبولوجيا الحضارية والاجتماعية حيث اختص كل فرع منها بمجال معين مما ورد أعلاه. وهو علم ليس له علاقة بالدين.
",Anthropology
"للأنثروبولوجيا علاقة وثيقة ببعض العلوم الاجتماعية من أهمها:
",Anthropology
"يُمكننا أن نعتبرَ الأنثروبولوجيا علماً حديثاً يقرب عمرهُ من قرن وربع القرن تقريباً، كما نستطيع. بعين الوقت، أن نعتبرها من أقدم علوم البشر.
فالجامعات لم تبدأ بتدريس الأنثروبولوجيا إلا حديثاً جداً. فلقد عيّن أول أستاذٍ لها في جامعة أوكسفورد، وهو ""السير أدورد تايلور"" عام 1884، وفي جامعة كمبرج، وهو الأستاذ ""هادن"" في عام 1900، وفي جامعة لفربول، وهو ""السير جيمس فريزر"" في عام 1907. وعيّن أول أستاذٍ لها في جامعة لندن في عام 1908، وفي الجامعات الأمريكية في عام 1886.
",Anthropology
"ولأن الأنثروبولوجيا تعنى بدراسة النظريات التي تتعلق بطبيعة المُجتمعات البشرية، فإننا نستطيع أن نعتبرها، من جهة أخرى، من أقدم العلوم. إذ هي بدأت مع أقدم تأمّلات الإنسان حول تلكَ الموضوعات. فلقد قالوا مثلاً: إن المؤرّخ الإغريقي (هيرودوتس) ""أبو الانثروبولوجيا"" كما هو أبو التاريخ، لأنهُ وصفَ لنا بإسهاب، التكوين الجسمي لأقوام قديمة كـ(السيثيين) وقدماءَ المصريين وغيرهم من الشعوب القديمة، وصوّر أخلاقهم وعاداتهم. كما كتب المؤرخ الروماني (تاكيتس) دراستهُ المشهورة عن القبائل الجرمانية.
",Anthropology
"حتى البابليون قبل ""هيرودوتس"" بزمن طويل، جمعوا في متاحفَ خاصة بعض ما تركهُ السومريون من أدواتٍ ومخلفات.
",Anthropology
"إننا نستطيع أن نعتبرَ القرن الثامن عشر نقطة بدءٍ مناسبة للأنثروبولوجيا. نشهد بعدها ظهور العناصر المكونة لهذا العلم. فآراء مونتسكيو في كتابهِ الشهير (روح القوانين) عن المجتمع وأسسه وطبيعته. وكتابات (سان سيمون) وإدعاؤه وجود علم للمجتمع، وآراء (ديفيد هيوم) و(آدم سمث) ونظرتهما إلى المجتمعات باعتبارها تتكون من أنساق طبيعية، واعتقادهما بالتطور غير المحدود، وبوجود قوانين لذلكَ التطور، كل تلكَ التأمّلات والآراء حوت بلا شك البذرات الصالحة والمكونات الأساسية التي نمت في القرن التاسع عشر، فكونت المدراس الانثروبولوجيّة الكبيرة.
",Anthropology
"وبعدَ مُنتصف القرن التاسع عشر بدأت الكتب القديمة في الأنثروبولوجيا بالظهور في أوروبا وأمريكا. وكانَ أبرز تلكَ الكتب كتاب (السير هنرى مين) ""القانون القديم"" عام 1861 وكتابه عن (المجتمعات القروية في الشرق والغرب) (1861)، وكتاب (باخوفن) عن (حق ألام) عام 1861 وكتاب (فوستل دو كولانج) عن (المدينة القديمة) 1864 وكتاب (ماكلينان) عن ""الزواج البدائي"" عام 1865 وكتاب (السر أدورد تايلور) المُسمى ""أبحاث في التأريخ القديم للجنس البشري"" عام 1865 وكتابه الآخر عن "" الحضارة البدائية"" عام 1871، ومن ثم (لوس موركن) عن "" أنساق روابط الدم والمصاهرة في العائلة الإنسانية"" عام 1870.
",Anthropology
"كما ظهرت ""بعين الوقت"" مدرستان كبيرتان من مدراس هذا العلم، هما ""مدرسة القانون المقارن"" و ""المدرسة التطورية"". فأفاد رجال المدرسة الأولى الأنثروبولوجيا كثيراً حين انصرفوا إلى دراسة القانون المقارن. حيث اهتموا بصورة خاصة بالقانون القديم وقوانيين الشعوب البدائية. كما تأثرَ رجال المدرسة الثانية ""التطورية"" بنظريات (لامارك) و(دارون) في التطور الحياتي. فأقاموا نظرياتهم في التطور الاجتماعي على عين الأسس.
",Anthropology
"وفي مطلع القرن العشرين برزت في الأنثروبولوجيا أسماء ضخمة مثل ""السر جيمس فريزر""، و""إميل دوركايم""، و""راد كلف براون""، و""مالينوفسكي""، و""ألبوث سميث""، و""رفرز"". كما ظهرت مدارس أنثروبولوجية هامّة مثل (مدرسة الانتشار الحضاري) و(المدرسة الوظيفية). وكلاهما هاجمتا ودحضتا ""المدرسة التطورية""، هذا إلى جانب ""المدرسة البيئية""، وهي مدرسة قديمة مستمرة الوجود.
",Anthropology
"إننا نستطيع أن نعتبرَ نقطة البدء الحقيقية للأنثروبولوجيا هي القرن العشرين، التي تمثلت بظهور أسماء ضخمة من عباقرة الأنثروبولوجيا، إضافة إلى مؤلفاتهم في ذلك الشأن. ناهيكَ عن المدارس الانثروبولوجية المهمة التي ساعدت في نمو وتطوير هذا العلم.
",Anthropology
"ثمة قضية معينة هنا، وهي أن علم الاجتماع والأنثروبولوجيا علمان متقاربان متشابهان، بحيث لا يمكن للباحث الفصل أو التمييز بين هذين العلمين. لدرجة تقاربهما، لذلكَ فإن من الأنسب تعيين نقاط الاختلاف بين هذين العلمين لمعرفة اتجاه كل من هذين العلمين في الدراسات الاجتماعية.
",Anthropology
"علمُ الاجتماع هو علمٌ قريبٌ جداً من الأنثروبولوجيا لأنهُ يدرس العلاقات الاجتماعية بين المجموعات البشرية، ولكنهُ يختلفُ عن الأنثروبولوجيا من بعض النواح:
إن علمَ الاجتماع يركز في دراساتهِ على موضوعاتٍ مختارة مثل السحر أو الدين أو البطالة أو الزواج أو ما يشبه ذلك، ولا يدرس مجتمعات كاملة دراسة شاملة كما تدرسها الأنثروبولوجيا.
",Anthropology
إن كلمة أنثروبولوجيا Anthropology، هي كلمة إنكليزيـة مكونة من قسمين: أنثروبوس ويقصد “الإنسان” ولوجوس ويقصد “علم” وبذلك فإن كلمة الأنثروبولوجيا تعني” علــم الإنســان ” أي العلــم الــذي يــهتم بالإنســان.,Anthropology
تعرف الأنثروبولوجيا أيضاً، بأنها العلوم التي تدرس الإنسان مـن حيـث أنه كائن عضوي حي، يسكن في مجتمع تحكمه نظم وتقاليد اجتماعية في ضمن ثقافة معينة. ويقوم بأعمال مختلفة، ويقوم بسلوك محدد، وهـو أيضـاً العلـمالذي يتناول الحياة البدائية، والحياة الحديثة المعاصرة.,Anthropology
ويحاول التنبؤ بمستقبل الإنسان معتمداً على تطور سلوكه عبر التاريخ الإنساني الطويل، ولذلك يكون علـم دراسة الإنسان (الأنثروبولوجيا) علماً جديداً، يتناول الإنسان وسلوكه وأعماله.,Anthropology
ويعرف مصطلح الأنثروبولوجيا كذلك، بأنّها علم (الأناسـة) وهو العلـم الـذي يهتم بدراسة الإنسان كمخلوق ينسب إلى العالم الحيواني من ناحية، ومن ناحية ثانية أنّـه الوحيد الذي يختلف عن الحيوانات جميعها، الذي يصنع الثقافة ويبدعها، وهو المخلوق الـذي يتميز عنها جميعاً.,Anthropology
كما تعرف الأنثروبولوجيا بشكل مختصر ومتنوع بأنّها “علـم دراسـة الإنسـان بشكل طبيعي وحضاري واجتماعي “. بمعنى أن الأنثروبولوجيا لا تركز على الاهتمام بالإنسان بكونه كائن منعزل بحد بنفسه، أو مستقل عن أبناء جنسه، إنّما تدرسه بوصفه كائناً اجتماعياً بطبعه، يعيش في بيئة معينة لها ميزاتـها الخاصة.,Anthropology
فالأنثروبولوجيا كعلم يهتم بدراسة الإنسان في نواحي متعددة، البيوفيزيائيـة والثقافية والاجتماعية، فهي علم واسع يجمع بـين ميـادين وحقول متباينـة ومختلفة بعضها عن بعض.,Anthropology
وهذا يتماشى مع تعريف تايلور الذي أدراك أن الأنثروبولوجيـا: “هـي الدراسة البيوثقافية المتطابقة للإنسان” إذ تحاول توضيح العلاقة بين المظاهر البيولوجية المتأصلة للإنسان، وما تلقى من تعليم وتربية اجتماعيـة، وبهـذا المفهوم تتناول الأنثروبولوجيا موضوعات مختلفة من العلوم والتخصصات التي تتعلّق بالإنسان.,Anthropology
إن الشعوب المتكلمة باللغـة الإنجليزيـة عامة، تُسمي علـم الأنثروبولوجيا :”بعلم الإنسان وأعماله”. بينما يطلق المصطلح نفسه في الدول الأوروبية غير المتحدثة بالإنجليزية “بدراسة الخصائص الجسمية للإنسان“.ويصل هذا التباين إلى طبيعة دراسة الأنثروبولوجيا. فكان يعني في أوروبـا، الأنثروبولوجيا الفيزيقية، ويصنف إلى اثنين من العلوم وهما الآثار واللغويات كأفرع منفصلة، وكان الأمريكيون يعتمدون مصـطلح (الإثنولوجيـا أو الإثنوغرافيـا ) لشرح (الإثنوجرافيا الثقافيـة) والتـي يطلـق عليهـا البريطـانيون (الأنثروبولوجيـا الاجتماعية).,Anthropology
ففي إنجلترا على سبيل المثال، يطلق علم الأنثروبولوجيا، على دراسـة الشـعوب وبيئاتها الاجتماعية، مع اتجاه خاص للتركيز على دراسة الشعوب البدائيـة. أمـا في أمريكا فيرى الباحثون أن الأنثروبولوجيا، هي علم يهتم بدراسة الثقافات البشـرية البدائية والمعاصرة، في حين أن علماء فرنسا يقصدون بهذا المصـطلح، دراسـة الإنسان من الجهة الطبيعية أي ” العضوية “.,Anthropology
فعلم الأنثروبولوجيا يصب تركيزه على مخلوق واحد هو الإنسان، ويعمل على فهم أشكال الظواهر المتعددة التي تؤثّر فيه. في حين تدرس البحوث الأخـرى على أصناف مختلفة من الظاهرات أنّى وجدت في الطبيعة. وكـان علـم الأنثروبولوجيا وما زال يبتغي استيعاب كلّ ما يمكن معرفته عن طبيعـة هذا الكائن الحي الغريب الذي يمشي على قدمين، وكذلك دراسة سـلوكه الـذي يفـوق طبيعته الجسمية.,Anthropology
وبالرغم من أن علماء الأنثروبولوجيا تمكنوا استعمال بعض الأسـاليب التـي حسنتها العلوم الاجتماعية، فهم قلّما اضطروا إلى ترقب نمو مثـل هـذه الأساليب. والواقع أن مشاركتهم في تقدم العلوم الاجتماعية لا يكون شأنها قليل عـن إسهام هذه العلوم في تطور الأنثروبولوجيا. ولذلك، يتجزأ علـم الأنثروبولوجيـا إلـى جزئين أساسـيين: يهتم الأول فـي الإنسـان، ويهتم بالأنثروبولوجيا الطبيعية، في حين يهتم الثاني في أعمال الإنسـان، ويعـرف بالأنثروبولوجيا الثقافية الحضارية.,Anthropology
واستناداً إلى هذه الدراسات، فقد نهّجت الباحثة الأمريكيـة مارغريـت ميد طبيعة علوم الأنثروبولوجيا وأبعادها، بقولها: “إنّنـا نظهر الخصـائص الإنسانية للجنس البشري (البيولوجية والثقافية) كأنقاد مترابطة ومتقلبة، وذلك عن طريق أنماط ومقاييس ومناهج متحضرة”. كما نهتم أيضـاً بوصـف الـنظم الاجتماعية والتكنولوجية وتفسيرها وتحليلها، إضافة إلـى البحـث فـي الإدراك العقلـي للإنسان وابتكاراته ومعتقداته ووسائل اتصالاته.,Anthropology
وتأسيساً على ما تم الحديث عنه، فإن الأنثروبولوجيا هي المبحث الذي يهتم بدراسة الإنسان، فهو يدرس نظير الشبه ونظير الاختلاف بينه وبين الكائنات الحية المختلفة مـن ناحية، ونظير الشبه والاختلاف بين الإنسان وأخيه الإنسان من ناحية أخرى.,Anthropology
وانطلاقاً من مصطلح الأنثروبولوجيا وطبيعتها، فإن دراستها تثبت مجموعـة من الأهداف، يمكن تصنيفها في الأمور التالية:,Anthropology
1- وصف أشكال الحياة البشرية والاجتماعية وصفاً شاملاً، وذلك عـن طريق مخالطة الباحث المجموعة أو الجماعة المدروسـة، وتدوين كلّ ما يقوم به أفرادها من أفعال في تعاملهم في الحياة اليومية.2- تصنيف أشكال الحياة البشرية والاجتماعية بعد دراسـتها دراسـة منطقية وبشكل واقعي، بهدف الوصول إلى أشكال إنسانية مختلفة في أنماط الترتيـب التطوري الحضاري الشامل للإنسان: بدائي، زراعي، ثقافي، صـناعي، معرفي وتكنولوجي.3- تحديد أصول التطور الذي يحدث للإنسان، وأسـباب هـذا التطور بدقّة علمية. وذلك بالعودة إلى التراث الإنساني ووصله بالحاضر من حيث المقارنة، وإيجاد أسباب التغيير المختلفة.4- استنتاج المعطيات والتوقعات لأنماط التغيير المتوقعة، في الظواهر الإنسانية والاجتماعية والثقافية والحضارية التي تتم دراستها، لإمكانية معرفة مستقبل الجماعات البشرية التـي قامت عليهـا الدراسـة.,Anthropology
ومن هنا جاءت أهمية الدراسات الأنثروبولوجية في تصنيف سلوك الكائنـات البشرية، وإيجاد التفاصيل التي تشترك معها فيها، وذلك بشكل بعيد عـن التعصـب والقرارات التي يتم اتخاذها بشكل مسبق والتي لا تستند إلى أيّ أسس علمية.وإذا كان علم الأنثروبولوجيا بجميع الدراسات المتنوعة التي يقوم بها، قد تمكن أن ينجح فـي تأكيد الكثير من الجوانب الخاصة بتكوين الإنسان وطبيعتـه، وخطوات تطـوره الثقافي الحضاري، فإن أهم ما أظهره هـو أن الشـعوب البشـرية بأجناسـها المختلفة والمتعددة، تتشابه إلى حد التلاؤم في طبيعتها الأساسية، ولا سيما فـي النـواحي العضوية والحيوية.,Anthropology
ويركز علماء الأنثروبولوجيا كل اهتماماتهم على التطبيق العملى للمعلومات بشكل يساهم فى حل مشاكل البشر.,Anthropology
ويتم الإشارة إلى علم الإنسان بعدة مسميات من بينها: علم الإنسان، علم الجماعات البشرية وسلوكياتها أو علم الحضارات والمجتمعات البشرية.ومن المعروف عن علم الأنثروبولوجيا أنه علم عام يتفرع منه أقسام متعددة، والأنثروبولوجيا لا تدرس الإنسان بوصفه كائن وحيداً وإنما بوصفه كائن اجتماعى يحيا فى مجتمع ينتمى إليه ويتفاعل مع بشر آخرين.,Anthropology
"* الغرض من دراسة علم الإنسان أو ""الأنثروبولوجيا"":- التعرف على التراث الإنسانى على مر العصور للتعرف على سلوكياته وعلى أنماط تفاعلاته اليومية فى مختلف المجتمعات - وهذا يتطلب معايشة الباحث للجماعات البشرية والحياة معهم.",Anthropology
,Anthropology
- ملاحظة التغيرات التى تمر بالإنسان دراسة علمية للتعرف على عناصر التغيير المختلفة والمسببات التى أدت إليه.- تحديد صفات الكائنات البشرية ومعرفة الفوارق وإيجاد القواسم المشتركة بينهما.- التعرف على نشأة الإنسان ومراحل التطور الحضارى والثقافى والتى أثبتت الدراسات أن البشر جميعهم متشابهين فى النواحى العضوية والحيوية.- يهتم علماء الأنثروبولوجيا بدراسة أسلوب حياة المجتمعات ودراسة اللغات واللهجات الخاصة بالشعوب وآثار ما قبل التاريخ.- استنتاج التوقعات الخاصة بالتغيرات المحتملة للبشر سواء فى الظواهر الإنسانية أو الحضارية وبالتالى التنبؤ بمستقبل الحياة البشرية.,Anthropology
"* نشأة علم الإنسان:إذا كان البعض ينظر إلى علم الإنسان على أنه علماً حديثاً نسبياً فهذا صحيح بعض الشىء، ويتضح ذلك من تدريسه كعلم فى الجامعات الغربية فى العهد الحديث حيث تم تعيين أول أستاذ لهذا العلم فى جامعة ""أكسفورد"" السير/إدوارد تاليلور"" Sir Edward Taylor عام 1884، إلا أنه فى الوقت ذاته يُعد من العلوم القديمة لأنه مرتبط بدراسة السلوك البشرى، فالبشر متواجدون على سطح الأرض منذ عصور قديمة جداَ ترجع إلى ما قبل التاريخ لذا من الناحية المنطقية يُعد هذا العلم أيضاً من العلوم القديمة.نجد فى مدينة بابل متاحف يرجع تاريخها إلى زمن قديم احتفظوا فيها بأدوات السومريون - حضارة سومر (Sumerian Civilization) هي حضارة قديمة في جنوب بلاد الرافدين.",Anthropology
,Anthropology
"ونجد أيضاً المؤرخ الإغريقى الشهير ""هيرودوتس/Herodotus"" قام بتقديم وصف لأجناس بشرية قديمة مثل القدماء المصريين وغيرهم من الشعوب القديمة سواء من الوصف الجسدى أو الأخلاقى أو حتى العادات التى يتبعونها.ويُعد القرن الثامن عشر هو بداية الانطلاقة لعلم الأنثروبولوجيا الحقيقى حيث ظهرت المكونات الأساسية له، ويتمثل ذلك بوضوح فى آراء ""مونتسكيو/Montesquieu"" في كتابه الشهير (روح القوانين) عن المجتمع وأسسه وطبيعته بالإضافة إلى التأملات التى مارسها العديد من العلماء للتوصل إلى صيغة متكاملة للمجتمعات التى تعيش بداخلها أفراد.ثم ظهر فى منتصف القرن التاسع عشر كتابات عديدة خاصة عن علم الإنسان وكان أبرز تلك الكتب كتاب ""السير/ هنرى مين/Sir Henry James Sumner Maine"" (القانون القديم/Ancient Law) عام 1861، ليلى هذه الكتب ظهور المدارس المتخصصة فى علم الأنثربولوجيا ومن أشهر هذه المدارس ""مدرسة القانون المقارن"" و""المدرسة التطورية"" التى وجُهت لهما النقد فى مرحلة لاحقة.أما مع بداية القرن العشرين ظهرت أسماء شهيرة فى هذا المجال مثل ""إميل دور كايم/Émile Durkheim""، بالإضافة إلى مدارس أنثروبولوجية هامة مثل (مدرسة الانتشار الحضاري) و (المدرسة الوظيفية) وكلاهما هاجمتا ""المدرسة التطورية""، هذا إلى جانب ""المدرسة البيئية"".",Anthropology
,Anthropology
"* أقسام الأنثربولوجى (علم الإنسان):تنقسم ""الأنثربولوجيا"" إلى خمسة أقسام رئيسية من وجهة نظر العلماء، وهى على النحو التالى:أولاً - الأنثروبولوجيا الطبيعية (Biological Anthropology):هذا القسم ينتمى إلى العلوم الطبيعية من بينها علم التشريح (Anatomy) وعلم وظائف الأعضاء (Physiology) وعلم العظام (Osteology) وعلم البناء الإنسانى (Human Morphology).وهنا يختص هذا الفرع من علم الإنسان بدراسة ظهور الإنسان والصفات الخاصة التى تميزه عن باقى الكائنات الحية مثل قدرته على الكلام وعلى المشى وعلى استخدام اليدين، وعلى مقاييسه الجسدية من شكل العينين وحجم الدماغ وشكل الأنف ولون الشعر كما يدرس الصفات الوراثية بالمثل.المزيد عن علم الوراثة ..",Anthropology
,Anthropology
ثانياً - الأنثروبولوجيا التطبيقية (Applied Anthropology):نشأت الحاجة إلى هذا الفرع من علم الإنسان مع اتصال الأوربيين بالشعوب الأخرى وخاصة منذ الحرب العالمية الثانية، حيث كان يتمثل هذا الاتصال فى التبادل التجارى أو فى الاستعمار أو فى الحملات التبشيرية الذى كان قوامه دراسة مشكلات الاتصال بالشعوب التى يتم التعامل معها و استعمارها بشكل ما أو بآخر.ونجد أن تطبيقات هذا القسم يتصل بجوانب عديدة من بينها:- المجال الطبى ومجال الرعاية الصحية.- مجال التعليم.المزيد عن التعليم والمجتمع ..- مجال الإعلام.المزيد عن الإعلام والمجتمع ..- الفنون والتراث الشعبى.المزيد عن الفنون الشعبية ..- المجال السياسى (مشكلات الإدارة).- المجال العكسرى (الحروب).وغيرها من التطبيقات الأخرى المتعددة ..,Anthropology
,Anthropology
ثالثاً - الأنثروبولوجيا الحضارية (Cultural Anthropology):هذا الفرع من علم الإنسان يختص بدراسة كل ما يتصل بثقافات الشعوب وحضارتها أى مخترعاته البدائية وأنماط حياتها .. فهو يدرس:- الأدوات.- شكل المأوى أو المساكن.- الفنون والآداب.- الملابس.وتنطبق هذه الدراسات على المجتمعات المتحضرة وكذلك المجتمعات الريفية.وتهتم الأنثروبولوجيا الحضارية بمجالين من الدراسة:- التوقف على دراسة تاريخ الشعوب فى جانب معين (الدراسة المتزامنة).- دراسة الحضارة عبر التاريخ والتتبع التاريخى لها على مر العصور (الدراسة التاريخية).,Anthropology
,Anthropology
- رابعاً علم اللغويات (Linguistic Anthropology):هو العلم الذي يبحث في تركيب اللغات الإنسانية المنقرضة وخاصة تلك المكتوبة فى السجلات التاريخية مثل اللاتينية أو اليونانية القديمة واللغات الحية الموجودة مثل العربية والفرنسية والإنجليزية.ويهتم دارسو اللغات بالرموز اللغوية المستعملة، إلى جانب العلاقة القائمة بين لغة شعب ما والجوانب الأخرى من ثقافته، باعتبار اللغة وعاء ناقلاً للثقافة.تصنيف اللغات حسب استخدامها وطبيعتها:- اللغات المنعزلة: وهي اللغات التي تتخاطب بها فئات منعزلة عن الفئات الأخرى، ولا تفهمها إلا تلك الفئات المتحدثة بها - وهي لغة لا تكتب وليس لها تاريخ.- اللغات الملتصقة: وهي اللغات التي تتخاطب بها شعوب كبيرة، ولكنها ملتصقة بهم وبتراثهم. وهي لغات معروفة لكن ليس لها قواعد، وإنما تعتمد على المقاطع والكلمات، مثل: اللغة الصينيّة .- اللغات ذات القواعد (النحو والصرف): وهي اللغات الحديثة التي تستخدمها الأمم المتحضرة، لها قواعد نحوية وصرفية، تضبط جملها وقوالبها اللغوية، مثل: اللغة العربية واللغات الأوربية.,Anthropology
,Anthropology
خامساً - علم الآثار القديمة (الحفريات Archeology):يعنى بشكل خاص بجمع الآثار والمخلّفات البشرية وتحليلها، بحيث يستدل منها على التسلسل التاريخي للأجناس البشرية، في تلك الفترة التي لم تكن فيها كتابة، وليس ثمّة وثائق مدوّنة (مكتوبة) عنها.ويبحث هذا الفرع من علم الأنثروبولوجيا الثقافية، في الأصول الأولى للثقافات الإنسانية، ولا سيّما الثقافات المنقرضة. ولعل علم الآثار القديمة أكثر شيوعاً بين فروع الأنثروبولوجيا، وربما كانت اكتشافاته مألوفة لدى الشخص العادي أكثر من اكتشافات الفروع الأخرى.,Anthropology
"* لماذا الخلط بين علم الاجتماع والأنثروبولوجيا؟على الرغم من تشابك علم الاجتماع وعلم الإنسان ""الأنثروبولوجيا"" واتصالهما ببعضهم البعض حيث يدرس كلاهما البناء الاجتماعي والوظائف الاجتماعية - وهذا ما دعا البعض إلى القول بأن علم الأنثروبولوجيا الاجتماعية هو فرع من فروع علم الاجتماع المقارن، إلا أن هناك اختلاف يوجد بين العلمين .. وتتضح الاختلافات على النحو التالى:الأنثربولوجيا:علم الإنسان يدرس المجتمعات الإنسانية ككليدرس البيئة العامةيدرس العائلةيدرس الدينالتقاليد والعادات والنظمالأنماط السلوكية المختلفة للجماعاتعلم الإنسان فيدرس المجتمعات البدائية والمجتمعات المعاصرة (التاريخ البشرى فى كافة المجتمعات)أماعلم الاجتماع:يدرس علم الاجتماع المشكلات الاجتماعية فى المجتمع الواحديهتم بدارسة الطبقات الاجتماعيةيقتصر على دراسة الظاهرة المحددة أو المشكلات التى يمر بها البشر مثل الطلاق أو الزواج أو الجريمة أو الانتحار .. فهو علم أكثر تخصصية من علم الإنسانالمزيد عن الطلاق ..المزيد عن الزواج ..المزيد عن الجريمة ..المزيد عن الانتحار ..يدرس العلاقات بين الأفراد وعمليات التفاعل بينهم",Anthropology
* علم الثقافات المقارن (الأثنولوجيا/Ethnology):تعد الأثنولوجيا فرعاً من الأنثروبولوجيا، يختص بالبحث والدراسة عن نشأة السلالات البشرية والأصول الأولى للإنسان. وترجع لفظة (أثنولوجيا) إلى الأصل اليوناني (أثنوس Ethnos) وتعني دراسة الشعوب، ولذلك تدرس الأثنولوجيا: خصائص الشعوب اللغوية والثقافية والسلالية.,Anthropology
,Anthropology
"* بعض من الانتقادات التى وُجهت إلى علم الأنثربولوجيا:إن علم الإنسان ودراسة سلوكياته تعرضت للانتقادات من جانب بعض العلماء وخاصة فى المجتمع الشرقى، ونجد أن المحور الرئيسى الذى ارتكز عليه انتقاد العرب أن فكرة نظرية النشوء والتطور التى نادى بها ""داروين/Darwin"" صاحب الفكرة الشهيرة بأن الإنسان تدرج من أصل حيوانى ألا وهو القردة وهذا ما يتعارض مع وجود الخالق الذى خلق البشر جميعاً.إن هذا العلم من وجهة نظر الشرقيين ارتبط بالفكر الاستعمارى الغربى، فدراسة سلوكيات البشر فى مختلف المجتمعات كان بقصد معرفة بنيتها الاجتماعية والثقافية والسلوكية مما يسهل التحكم فيها.المزيد عن نظرية النشوء والتطور ..",Anthropology
"علم الفلك هو علم طبيعي يدرس الظواهر الفلكية والأجرام السماوية. يستخدم علم الفلك الرياضيات والفيزياء والكيمياء لشرح أصل وتطور تلك الظواهر والأجرام. تشمل الأجرام المثيرة للاهتمام الكواكب والأقمار والنجوم والسدم والمجرات والمذنبات. وتشمل الظواهر ذات الصلة انفجارات المستعر الأعظم، انفجارات أشعة جاما، والنجوم الزائفة، والنجوم الزائفة المتوهجة، والنجوم النابضة، وإشعاع الخلفية الكونية الميكروي. بشكل عام، يدرس علم الفلك كل ما ينشأ خارج الغلاف الجوي للأرض. علم الكون هو فرع من فروع علم الفلك. يدرس الفضاء الكوني ككل.[3]
",Astronomy
"علم الفلك من أقدم العلوم الطبيعية، وقد قدمت الحضارات المبكرة في التاريخ المسجل ملاحظات منهجية لسماء الليل. ومن هؤلاء البابليون واليونانيون والهنود والمصريون والصينيون والمايا والعديد من الشعوب الأصلية في الأمريكتين. في الماضي، كان علم الفلك يتضمن تخصصات متنوعة مثل علم القياسات الفلكية، والملاحة الفلكية، وعلم الفلك الرصدي، وصنع التقويمات. في الوقت الحاضر، غالبًا ما يُعد علم الفلك الاحترافي مرادفًا لعلم الفيزياء الفلكية.[4]
",Astronomy
"ينقسم علم الفلك الحالي إلى فرعين علم الفلك النظري وعلم الفلك الرصدي. يركز علم الفلك الرصدي على الحصول على البيانات من ملاحظات الأجرام الفلكية. ثم يجري تحليل هذه البيانات باستخدام المبادئ الأساسية لعلم الفيزياء. علم الفلك النظري موجه نحو تطوير نماذج حاسوبية أو تحليلية لوصف الظواهر والأجرام الفلكية. هذان المجالان يكملان بعضهما البعض. يسعى علم الفلك النظري إلى شرح نتائج الرصد وتستخدم الملاحظات المرصودة لتأكيد النتائج النظرية.[5]
",Astronomy
"ساهم الفلكيون الهواة في العديد من الاكتشافات المهمة، حيث يعدّ علم الفلك من العلوم القليلة التي يمكن للهواة أن يلعبوا فيها دورًا هامًا، وخاصة في اكتشاف ورصد الظواهر العابرة.[6]
",Astronomy
"أعلنت الأمم المتحدة عام 2009 لتصبح السنة الدولية لعلم الفلك (IYA2009)، وهي تهدف إلى التأكيد على الوعي الجماهيري والتعامل مع علم الفلك.[7]
",Astronomy
"في العربية، العِلْمُ هو المعرفة وهو نقيض الجهل،[8] والفَلَك هو مدار النجوم، وجمعها أَفلاك،[9] وجمعها الفيروز أبادي في محيطه على فُلُك أيضاً[10] وجاء في المعجم الوسيط أن الفَلَك هو المدار الذي يسبح فيه الجرم السماوي وبأن علم الفلك هو علم يُبحث فيه عن الأجرام العلوية وأحوالها وبأن الفلكي هو المُشتغِل بهذا العلم.[11]
",Astronomy
"ويُسمى علم الفلك (بالإنجليزية: Astronomy)‏ وهي مكونة من مقطعين، البادئة Astro- وتعني نجم أو سماء أو فلكي [12] واللاحقة onomy- التي تعني مجموعة القواعد أو القوانين الناظمة للمعرفة في أحد حقول المعارف البشرية.
",Astronomy
"ويُسمى علم الفلك (باليونانية: ἀστρονομία)‏ وهي كلمة مكونة من مقطعين، ἀστρο وتعني نجم وνόμος وتعني قانون، فيصبح معنى الكلمة الحرفي ""قانون النجوم"". لا ينبغي الخلط بين علم الفلك وعلم التنجيم، والتنجيم هو الادعاء أن الشؤون البشرية مرتبطة بمواقع الأجرام السماوية.[13] على الرغم من أن الحقلين يشتركان في أصل مشترك، إلا أنهما الآن مختلفان تمامًا.[14]
",Astronomy
"""علم الفلك"" و""الفيزياء الفلكية"" كلمتان مترادفتان.[15][16][17] استنادًا إلى تعريفات القاموس الدقيقة، يشير مصطلح ""علم الفلك"" إلى ""دراسة الأجرام والمواد خارج الغلاف الجوي للأرض ودراسة خصائصها الفيزيائية والكيميائية""،[18] بينما تشير ""الفيزياء الفلكية"" إلى فرع علم الفلك الذي يتعامل مع ""السلوك، والخصائص الفيزيائية والعمليات الديناميكية للأجرام والظواهر السماوية"".[19] في بعض الحالات، كما هو الحال في مقدمة الكتاب المدرسي التمهيدي ""الكون الفيزيائي"" بقلم فرانك شو، يمكن استخدام ""علم الفلك"" لوصف الدراسة النوعية للموضوع، بينما يمكن استخدام ""الفيزياء الفلكية"" لوصف النسخة الموجهة نحو الشرح الفيزيائي للموضوع.[20] ومع ذلك، نظرًا لأن معظم الأبحاث الفلكية الحديثة تتعامل مع الموضوعات المتعلقة بالفيزياء، يمكن أن يُطلق على علم الفلك الحديث في الواقع اسم الفيزياء الفلكية.[15] بعض المجالات، مثل علم القياسات الفلكية، هي مجرد علم فلك أكثر من فيزياء فلكية. قد تستخدم الأقسام المختلفة التي يجري فيها العلماء أبحاثًا حول هذا الموضوع ""علم الفلك"" و""الفيزياء الفلكية""، اعتمادًا جزئيًا على ما إذا كان القسم تابعًا تاريخيًا لقسم الفيزياء،[16] والعديد من علماء الفلك المحترفين حاصلون على درجات في الفيزياء بدلاً من علم الفلك.[17] تشمل بعض عناوين المجلات العلمية الرائدة في هذا المجال المجلة الفلكية والمجلة الفيزيائية الفلكية ومجلة علم الفلك والفيزياء الفلكية.
",Astronomy
"علم الفلك والتنجيم كانا في العصور القديمة يُعاملان كعلمٍ واحد، وأخذا بالانفصال تدريجيا عن بعضهما البعض ليغدوا علمين منفصلين حتى القرن السابع عشر (في عصر التنوير تحديدا) عندما رُفِض اعتبار التنجيم كعلم. وخلال الجزء الأخير من فترة العصور الوسطى، أصبح علم الفلك هو الأساس وأصبح علم التنجيم يعمل من خلاله.[21]
",Astronomy
"منذ القرن الثامن عشر، أصبحا يعاملان بصفتهما اختصاصين منفصلين. علم الفلك، أي دراسة الأجرام والظواهر التي تنشأ خارج الغلاف الجوي للأرض، وهو علم[22][23][24] وأصبح على نطاق واسع من ضمن الانضباط الأكاديمي. أما التنجيم، والذي يستخدم المواقع الظاهرة للأجرام السماوية للتنبؤ بالأحداث المستقبلية، هو شكل من أشكال العرافة وليس سوى أحد العلوم الزائفة.[25][26][27]
",Astronomy
"في العصور التاريخية المبكرة، كان علم الفلك يتألف فقط من المراقبة والتنبؤ بحركات الأجرام المرئية بالعين المجردة. في بعض المواقع، جمعت الثقافات المبكرة قطعًا أثرية ضخمة ربما كان لها بعض الأغراض الفلكية. بالإضافة إلى استخداماتها الاحتفالية، يمكن استخدام هذه المراصد لتحديد فصول السنة، وهو عامل مهم في معرفة وقت زراعة المحاصيل وفهم طول العام.[28]
",Astronomy
"قبل اختراع أدوات مثل التلسكوب، أجريت دراسة مبكرة للنجوم باستخدام العين المجردة. مع تطور الحضارات، وعلى الأخص في بلاد ما بين النهرين واليونان وبلاد فارس والهند والصين ومصر وأمريكا الوسطى، جمعت المراصد الفلكية وبدأت الأفكار حول طبيعة الكون في التطور. تألف علم الفلك المبكر من رسم خرائط مواقع النجوم والكواكب، وهو علم يشار إليه الآن باسم علم القياسات الفلكية. من هذه الملاحظات، شكلت أفكار مبكرة حول حركات الكواكب، واستكشفت طبيعة الشمس والقمر والأرض في الكون بطريقة فلسفية. كان يعتقد أن الأرض هي مركز الكون حيث تدور حولها الشمس والقمر والنجوم. يُعرف هذا بنموذج مركزية الأرض للكون، أو النموذج البطلمي، الذي سمي على اسم بطليموس.[29]
",Astronomy
"كان التطور المبكر المهم بشكل خاص هو بداية علم الفلك الرياضي والعلمي، والذي بدأ بين البابليين، الذين وضعوا أسس التقاليد الفلكية اللاحقة التي تطورت في العديد من الحضارات الأخرى. اكتشف البابليون أن خسوف القمر يتكرر في دورة متكررة تعرف باسم دورة ساروس.[30]
",Astronomy
"بعد البابليين، أحرز تقدم كبير في علم الفلك في اليونان القديمة والعالم الهلنستي. يتميز علم الفلك اليوناني منذ البداية بالسعي إلى تفسير منطقي وفيزيائي للظواهر السماوية.[31] في القرن الثالث قبل الميلاد، قدر أرسطرخس الساموسي حجم ومسافة القمر والشمس، واقترح نموذجًا للنظام الشمسي حيث تدور الأرض والكواكب حول الشمس، ويسمى الآن نموذج مركزية الشمس.[32] في القرن الثاني قبل الميلاد، اكتشف أبرخش البدارية، وحساب حجم ومسافة القمر، واخترع أقدم الأجهزة الفلكية المعروفة مثل الأسطرلاب.[33] أنشأ أبرخش أيضًا فهرسًا شاملاً لـ1020 نجمة، ومعظم الأبراج في نصف الكرة الشمالي مستمدة من علم الفلك اليوناني.[34] كانت آلية أنتيكيثيرا (حوالي 150-80 قبل الميلاد) عبارة عن جهاز حاسوب تماثلي مبكر مصمم لحساب موقع الشمس والقمر والكواكب في تاريخ معين. لم تظهر المصنوعات التكنولوجية ذات التعقيد المماثل حتى القرن الرابع عشر، عندما ظهرت الساعات الفلكية الميكانيكية في أوروبا.[35]
",Astronomy
"علم الفلك الصيني له تاريخ طويل، بدءًا من عهد أسرة شانغ (العصر البرونزي الصيني). عثر على أسماء النجوم الصينية التي صنفت لاحقًا في القصور الثمانية والعشرين على عظام أوراكل المكتشفة في أنيانغ، والتي يعود تاريخها إلى عهد أسرة شانغ الوسطى.[36] بدأت سجلات مفصلة للملاحظات الفلكية خلال فترة الدول المتحاربة (القرن الرابع قبل الميلاد) وازدهرت من عهد أسرة هان فصاعدًا. كان علم الفلك الصيني استوائيًا، حيث كان مركزًا على الملاحظة الدقيقة للنجوم المحيطة بالقطب، واستند إلى مبادئ مختلفة عن تلك السائدة في علم الفلك الغربي التقليدي، حيث شكل الشروق النجمي وإعدادات دائرة البروج مسار الشمس الأساسي.[37] وصف نيدهام الصينيين القدماء بأنهم أكثر المراقبين ثباتًا ودقة في كشف الظواهر السماوية في أي مكان في العالم قبل علماء الفلك الإسلامي.[38]
",Astronomy
"ازدهر علم الفلك في عصر الحضارة الإسلامية وأجزاء أخرى من العالم. أدى ذلك إلى ظهور المراصد الفلكية الأولى في العالم الإسلامي في أوائل القرن التاسع.[39][40][41] في عام 964، وصف عالم الفلك المسلم عبد الرحمن بن عمر الصوفي مجرة أندروميدا، أكبر مجرة في المجموعة المحلية، في كتابه صور الكواكب الثمانية والأربعين.[42] لاحظ عالم الفلك المصري العربي علي بن رضوان وعلماء الفلك الصينيون المستعر الأعظم SN 1006، وهو ألمع حدث نجمي من حيث الحجم الظاهر في التاريخ المسجل، في عام 1006. بعض علماء الفلك المسلمين البارزين (معظمهم من الفارسيين والعرب) الذين قدموا مساهمات كبيرة في العلوم وتشمل البتاني، وثابت بن قرة، وعبد الرحمن الصوفي، والبيروني، وإبراهيم بن يحيى الزرقالي، والبيرجندي، وعلماء الفلك في مرصد المراغة وسمرقند. قدم علماء الفلك في ذلك الوقت العديد من الأسماء العربية المستخدمة الآن للنجوم.[43][44]
",Astronomy
"ضمت أوروبا في العصور الوسطى عددًا من علماء الفلك المهمين. قدم ريتشارد من والينجفورد (1292-1336) مساهمات كبيرة في علم الفلك وعلم البنكامات، بما في ذلك اختراع أول ساعة فلكية، سمحت أداة المستطيل بقياس الزوايا بين الكواكب والأجسام الفلكية الأخرى، بالإضافة إلى خط استوائي يسمى ""ألبيون"" والذي يمكن استخدامه في الحسابات الفلكية مثل خطوط الطول القمرية والشمسية والكواكب ويمكن أن يتنبأ بالكسوف. ناقش نيكول أورسمه (1320–1382) وجان بوريدان (1300–1361) لأول مرة الدليل على دوران الأرض، علاوة على ذلك، طور بوردان أيضًا نظرية الزخم (سلف النظرية العلمية الحديثة للقصور الذاتي) التي كانت قادرة على إظهار الكواكب كانت قادرة على الحركة دون تدخل الملائكة (حسب الفكر الشائع وقتها).[45] ساعد جورج فون بيورباخ (1423-1461) وريغيومونتانوس (1436–1476) في جعل التقدم الفلكي مفيدًا في تطوير كوبرنيكوس لنموذج مركزية الشمس بعد عقود.
",Astronomy
"ويعتقد أيضًا أن الأطلال في زيمبابوي العظمى وتمبكتو[46] ربما احتوت على مراصد فلكية.[47] في غرب أفريقيا ما بعد الكلاسيكية، درس علماء الفلك حركة النجوم وعلاقتها بالفصول، وصاغوا مخططات للسماء بالإضافة إلى مخططات دقيقة لمدارات الكواكب الأخرى بناءً على حسابات رياضية معقدة. وثق مؤرخ إمبراطورية سونغاي محمود كعت زخة شهب في أغسطس 1583.[48][49] كان الأوروبيون يعتقدون سابقًا أنه لم تكن هناك مراقبة فلكية في أفريقيا جنوب الصحراء خلال العصور الوسطى ما قبل الاستعمار، لكن الاكتشافات الحديثة تظهر خلاف ذلك.[50][51][52][53]
",Astronomy
"لأكثر من ستة قرون (من انتعاش التعلم القديم خلال أواخر العصور الوسطى إلى عصر التنوير)، قدمت الكنيسة الرومانية الكاثوليكية المزيد من الدعم المالي والاجتماعي لدراسة علم الفلك أكثر من جميع المؤسسات الأخرى على الأرجح. من بين دوافع الكنيسة تحديد موعد عيد الفصح.[54]
",Astronomy
"خلال عصر النهضة، اقترح نيكولاس كوبرنيكوس نموذج مركزية الشمس للنظام الشمسي. دافع غاليليو غاليلي عن عمله وقام بتوسيعه يوهانس كيبلر. كان كيبلر أول من ابتكر نظامًا يصف بشكل صحيح تفاصيل حركة الكواكب حول الشمس. ومع ذلك، لم ينجح كيبلر في صياغة نظرية وراء طبيعة ومسببات القوانين التي دونها.[55] كان إسحاق نيوتن، مع اختراعه للديناميكيات السماوية وقانون الجاذبية، هو الذي شرح أخيرًا حركات الكواكب. طور نيوتن أيضًا التلسكوب العاكس.[56]
",Astronomy
"أدت التحسينات في حجم وجودة التلسكوب إلى مزيد من الاكتشافات. صنف عالم الفلك الإنجليزي جون فلامستيد أكثر من 3000 نجم،[57] أنتج نيكولاس لويس دو لكيل فهارس نجمية أكثر شمولاً. أعد عالم الفلك ويليام هيرشل فهرسًا مفصلاً عن السدم والعناقيد، وفي عام 1781 اكتشف كوكب أورانوس، وهو أول كوكب جديد يُعثر عليه.[58]
",Astronomy
"خلال القرنين الثامن عشر والتاسع عشر، أدت دراسة معضلة الأجسام الثلاث بواسطة ليونهارت أويلر وألكسيس كليروت ولورن دالمبير إلى تنبؤات أكثر دقة حول حركة القمر والكواكب. نقح هذا العمل من قبل جوزيف لوي لاغرانج وبيير لابلاس، مما سمح بتقدير كتلة الكواكب والأقمار من اضطراباتها.[59]
",Astronomy
"حدثت تطورات كبيرة في علم الفلك مع إدخال التكنولوجيا الجديدة، بما في ذلك المطياف والتصوير. اكتشف جوزيف فون فراونهوفر حوالي 600 نطاقًا في طيف الشمس في (1814-15)، والتي في عام 1859 عزاها غوستاف روبرت كيرشهوف إلى وجود عناصر مختلفة داخلها. أُثبتَ أن النجوم تشبه شمس الأرض، ولكن مع نطاق واسع من درجات الحرارة والكتل والأحجام.[43]
",Astronomy
"أُثبتَ وجود مجرة الأرض، درب التبانة، كمجموعتها الخاصة من النجوم فقط في القرن العشرين، جنبًا إلى جنب مع وجود مجرات ""خارجية"". أدى الركود الملحوظ لتلك المجرات إلى اكتشاف توسع الكون.[60] أدى علم الفلك النظري إلى تكهنات حول وجود أجسام مثل الثقوب السوداء والنجوم النيوترونية، والتي استخدمت لشرح الظواهر المرصودة مثل النجوم الزائفة، والنجوم النابضة، والنجوم الزائفة المتوهجة، والمجرات الراديوية. حقق علم الكون الفيزيائي تقدمًا هائلاً خلال القرن العشرين. في أوائل القرن العشرين، تمت صياغة نموذج نظرية الانفجار العظيم، والذي أُثبتَ بشدة من خلال إشعاع الخلفية الكونية الميكروي، وقانون هابل، والوفرة الكونية للعناصر. مكّنت التلسكوبات الفضائية من إجراء قياسات في أجزاء من الطيف الكهرومغناطيسي عادة ما يحجبها الغلاف الجوي أو يشوشها.[بحاجة لمصدر] في فبراير 2016، أُجريَ الكشف عن أن مرصد ليغو قد رصد أدلة على الموجات الثقالية في شهر سبتمبر لعام 2015.[61][62]
",Astronomy
"المصدر الرئيسي للمعلومات حول الأجرام السماوية والأجسام الأخرى هو الضوء المرئي، أو بشكل عام الإشعاع الكهرومغناطيسي.[63] يمكن تصنيف علم الفلك الرصدي وفقًا للمنطقة المقابلة من الطيف الكهرومغناطيسي التي تُجرى الملاحظات عليها. يمكن ملاحظة بعض أجزاء الطيف من سطح الأرض، بينما يمكن ملاحظة أجزاء أخرى فقط من ارتفاعات عالية أو خارج الغلاف الجوي للأرض. فيما يلي معلومات محددة عن هذه الحقول الفرعية.
",Astronomy
"يدرس علم الفلك الراديوي الإشعاع ذات طول موجي أكبر من ملليمتر واحد تقريبا، خارج النطاق المرئي.[64] ويختلف علم الفلك الراديوي عن معظم أنواع علم الفلك الرصدي الأخرى، حيث أنه يمكن التعامل مع الموجات الرادوية باعتبارها موجات بدلاً من اعتبارها فوتونات منفصلة وبالتالي، يعد من السهل نسبيًا قياس اتساع وطور الموجات الراديوية، بينما لا يمكن القيام بذلك مع الموجات ذات طول موجي أقصر.[64]
",Astronomy
"وعلى الرغم من إنتاج بعض الموجات الراديوية في شكل إشعاع حراري من قبل الأجسام الفلكية، تأخذ معظم الانبعاثات الرادوية التي شوهدت من كوكب الأرض على شكل إشعاع سنكروتروني، والذي ينتج عندما يتأرجح الإلكترون حول المجالات المغناطيسية.[64] وبالإضافة إلى ذلك، تنتج غازات بين النجوم عدد من الخطوط الطيفية، ولا سيما الخط الطيفي لذرة الهيدروجين والذي يبلغ طوله 21 سم، ويمكن مشاهدة تلك الخطوط عند الموجات الراديوية.[20][64]
",Astronomy
"ويمكن مشاهدة مجموعة متنوعة من الأجسام ذات الأطوال الموجية الرادوية، بما في ذلك المستعر الأعظم، والغاز بين النجمي، والنجوم النابضة، والنوى المجرية النشطة.[20][64]
",Astronomy
"تأسس علم فلك الأشعة تحت الحمراء لاكتشاف وتحليل الأشعة تحت الحمراء والأطوال الموجية الأطول من الضوء الأحمر وخارج نطاق رؤيتنا. يعتبر طيف الأشعة تحت الحمراء مفيدًا لدراسة الأجسام الباردة جدًا بحيث لا تشع الضوء المرئي، مثل الكواكب أو الأقراص النجمية أو السدم التي يحجب الغبار ضوئها. يمكن للأطوال الموجية الطويلة للأشعة تحت الحمراء أن تخترق السحابات الجزيئية التي تحجب الضوء المرئي، مما يسمح بملاحظة النجوم الفتية المدمجة في السحب الجزيئية. كانت الملاحظات من مستكشف الأشعة تحت الحمراء عريض المجال (WISE) فعالة بشكل خاص في الكشف عن العديد من النجوم الأولية في المجرة والعناقيد النجمية.[66][67] باستثناء الأطوال الموجية للأشعة تحت الحمراء القريبة من الضوء المرئي، يمتص الغلاف الجوي هذا الإشعاع بشدة، أو يتم إخفاؤه، حيث ينتج الغلاف الجوي نفسه انبعاثًا كبيرًا للأشعة تحت الحمراء. وبالتالي، يجب أن توجد مراصد الأشعة تحت الحمراء في أماكن مرتفعة وجافة على الأرض أو في الفضاء.[68] تشع بعض الجزيئات بقوة في الأشعة تحت الحمراء. هذا يسمح بدراسة كيمياء الفضاء. بشكل أكثر تحديدًا يمكنه من اكتشاف الماء في المذنبات.[69]
",Astronomy
"يعدّ علم الفلك البصري من أقدم أنواع الفلك في التاريخ، وهو يسمى أيضا بفلك الضوء المرئي.[70] ورسمت الصور البصرية باليد في الأصل. وفي أواخر القرن التاسع عشر ومعظم القرن العشرين، كانت الصور تصنع باستخدام معدات التصوير. وتصنع الصور الحديثة باستخدام كاشفات رقمية، ولا سيما الكاشفات التي تستخدم جهاز مزدوج الشحنة. وعلى الرغم من أن الضوء المرئي يمتد من حوالي 400 إلى 700 نانومتر،[70] تستخدم نفس المعدات التي توظف تلك الأطوال الموجية لمراقبة بعض الإشعاعات القريبة من الأشعة فوق البنفسجية والأشعة تحت الحمراء.
",Astronomy
"يستخدم علم فلك الأشعة فوق البنفسجية أطوال موجات فوق بنفسجية تتراوح بين 100 و3200 أنغستروم (10 إلى 320 نانومتر).[64] يمتص الغلاف الجوي للأرض الضوء عند تلك الأطوال الموجية، مما يتطلب إجراء عمليات رصد عند هذه الأطوال الموجية من الغلاف الجوي العلوي أو من الفضاء. علم فلك الأشعة فوق البنفسجية هو الأنسب لدراسة الإشعاع الحراري وخطوط الانبعاث الطيفي من النجوم الزرقاء الساخنة (نجوم OB) التي تكون ساطعة جدًا في نطاق الموجة هذا. وهذا يشمل النجوم الزرقاء في المجرات الأخرى، والتي كانت أهدافًا للعديد من المسوحات فوق البنفسجية. الأجسام الأخرى التي يجري ملاحظتها بشكل شائع في الضوء فوق البنفسجي تشمل السدم الكوكبية، وبقايا المستعر الأعظم، ونوى المجرات النشطة.[64] ومع ذلك، نظرًا لأن الغبار البينجمي يمتص الضوء فوق البنفسجي بسهولة، فمن الضروري تعديل قياسات الأشعة فوق البنفسجية.[64]
",Astronomy
"يدرس علم فلك الأشعة السينية الأجسام الفلكية ذات الأطوال الموجية التي تساوي الأشعة السينية. تنبعث الأشعة السينية من الأجسام مثل الإشعاعات السنكروترونية (والتي تنتجها الإلكترونات المتأرجحة حول خطوط المجال المغناطيسي)، والانبعاثات الحرارية للغازات الرقيقة (وهي تسمى أشعة الانكباح) التي تزيد عن 10 7 (10 مليون) كلفن، والانبعاثات الحرارية للغازات السميكة (وتسمى إشعاعات الجسم الأسود) التي تزيد عن 10 7 كلفن.[64] وحيث أن الغلاف الجوي لكوكب الأرض يمتص الأشعة السينية، يجب أن تُرصد الأشعة السينية من خلال منطاد مرتفع جدًا، أو صواريخ أو مركبات فضائية. وتشمل مصادر الأشعة السينية ثنائيات الأشعة السينية، والنجوم النابضة، وبقايا المستعر الأعظم، والمجرات الإهليجية، وعناقيد المجرات، والنوى المجرية النشطة.[64]
",Astronomy
"يهتم علم فلك أشعة غاما بدراسة الأجسام الفلكية ذات الأطياف الكهرومغناطيسية التي لديها أقصر أطوال موجية. يمكن رصد أشعة غاما مباشرةً بواسطة الأقمار الصناعية مثل مرصد كومبتون لأشعة غاما أو بواسطة تلسكوب متخصص يسمى تلسكوب شيرينكوف للغلاف الجوي.[64] لا ترصد تلسكوبات شيرينكوف أشعة غاما، ولكنها ترصد ومضات من الضوء المرئي ناتج عن امتصاص الغلاف الجوي للأرض أشعة غاما.[71]
",Astronomy
"وتعد معظم مصادر إصدار أشعة غاما انفجارات نجمية ينتج منها انفجار أشعة غاما، وهي أجسام لا تصدر إلا أشعة غاما لمدة تتراوح من ملي ثانية إلى آلاف الثواني قبل أن تختفي. وتصدر 10% فقط من مصادر أشعة غاما تلك الإشعاعات لفترة طويلة. تشمل هذه الباعثات الثابتة لأشعة غاما النجوم النابضة، والنجوم النيوترونية، ومرشحي الثقوب السوداء مثل النوى المجرية النشطة.[64]
",Astronomy
"بالإضافة إلى الإشعاع الكهرومغناطيسي، يمكن ملاحظة بعض الأحداث الأخرى التي تنشأ من مسافات بعيدة من الأرض.
",Astronomy
"في علم فلك النيوترينو، يستخدم علماء الفلك منشآت تحت الأرض محمية بشدة مثل SAGE وGALLEX وKamioka II/III لاكتشاف النيوترينوات. تأتي الغالبية العظمى من النيوترينوات المتدفقة عبر الأرض من الشمس، ولكن اكتشف 24 نيوترينو أيضًا من مستعر أعظم 1987A.[64] الأشعة الكونية، والتي تتكون من جسيمات عالية الطاقة (نوى ذرية) يمكن أن تتحلل أو تمتص عندما تدخل الغلاف الجوي للأرض، ينتج عنها سلسلة من الجسيمات الثانوية التي يمكن أن تكتشفها المراصد الحالية.[72] قد تكون بعض أجهزة الكشف عن النيوترينو المستقبلية أيضًا حساسة للجسيمات التي تنتج عندما تضرب الأشعة الكونية الغلاف الجوي للأرض.[64]
",Astronomy
"علم فلك الموجات الثقالية هو مجال ناشئ في علم الفلك يستخدم كاشفات الموجات الثقالية لجمع بيانات الرصد حول الأجسام الضخمة البعيدة. أُنشِئَ عددٌ قليل من المراصد، مثل مرصد الجاذبية بالليزر LIGO. قام ليغو بأول اكتشاف له في 14 سبتمبر 2015، حيث رصد الموجات الثقالية من ثقب أسود ثنائي.[73] اكتشفت موجة ثقالية ثانية في 26 ديسمبر 2015 ويجب أن تستمر الملاحظات الإضافية لكن الموجات الثقالية تتطلب أدوات حساسة للغاية.[74][75]
",Astronomy
"تُعرف مجموعة الملاحظات التي تجري باستخدام الإشعاع الكهرومغناطيسي أو النيوترينوات أو موجات الجاذبية والمعلومات التكميلية الأخرى باسم علم الفلك متعدد الرسل.[76][77]
",Astronomy
"علم القياسات الفلكية يعدّ واحدًا من أقدم مجالات علم الفلك وباقي العلوم، وهو يهتم بقياس المواقع السماوية. وكان من المهم معرفة موقع الشمس والقمر والكواكب والنجوم بدقة عبر التاريخ، وخاصة في الملاحة السماوية (استخدام الأجرام السماوية لتوجيه الملاحة) وفي صنع التقاويم.
",Astronomy
"وأدى القياس الدقيق لمواقع الكواكب إلى فهم اضطرابات الجاذبية، بالإضافة إلى القدرة على تحديد المواقع الحالية والماضية للكواكب بدقة أكثر. ويعرف هذا المجال باسم الميكانيكة السماوية. وسيساعد تعقب الأجرام المجاورة لكوكب الأرض في التنبؤ باللقاءات والاصطدامات المحتملة مع كوكب الأرض.[78]
",Astronomy
"ويقدم قياس تزيح النجوم القريبة أساس سلم المسافات الكونية الذي يستخدم لقياس حجم الكون. كما يقدم قياس تزيح النجوم القريبة الأساس المطلق لخصائص النجوم البعيدة، لأنه يمكن مقارنة تلك الخصائص. يوضح قياس السرعة الشعاعية والحركة الخاصة المناسبة للنجوم لعلماء الفلك برسم حركة هذه الأنظمة عبر مجرة درب التبانة. كما تستخدم نتائج القياسات الفلكية لقياس توزيع المادة المظلمة داخل المجرة.[79]
",Astronomy
"وخلال التسعينيات، استخدمت تقنية القياس الفلكي لقياس تمايل النجوم لكشف الكواكب الكبيرة خارج المجموعة الشمسية والتي تدور حول النجوم القريبة.[80]
",Astronomy
"يستخدم علماء الفلك النظري العديد من الأدوات بما في ذلك النماذج التحليلية والتحليل العددي الحسابي. لكل منها مزاياها الخاصة. تعتبر النماذج التحليلية لأي عملية مفيدا لإعطاء نظرة أوسع على جوهر ما يحدث. تكشف النماذج العددية عن وجود ظواهر وتأثيرات لا يمكن ملاحظتها.[81][82]
",Astronomy
"يسعى المنظرون في علم الفلك إلى إنشاء نماذج نظرية وبذلك يتنبأون بالنتائج الرصدية لتلك النماذج. تسمح مراقبة الظاهرة التي تنبأ بها النموذج لعلماء الفلك بالاختيار بين عدة نماذج بديلة أو متضاربة باعتبارها أفضل نموذج قادر على وصف الظاهرة.
",Astronomy
"يحاول المنظرون أيضًا إنشاء نماذج أو تعديلها لمراعاة البيانات الجديدة. في حالة وجود تناقض بين البيانات ونتائج النموذج، يكون الاتجاه العام هو محاولة إجراء تعديلات قليلة على النموذج بحيث ينتج عنه نتائج تتناسب مع البيانات. في بعض الحالات، قد تؤدي كمية كبيرة من البيانات غير المتسقة بمرور الوقت إلى التخلي التام عن النموذج.
",Astronomy
"تشمل الظواهر التي صاغها علماء الفلك النظريون: الديناميكا النجمية وتطور النجوم؛ تشكيل المجرات توزيع المادة على نطاق واسع في الكون؛ أصل الأشعة الكونية؛ النسبية العامة وعلم الكون الفيزيائي، بما في ذلك علم الكون الخيطي وفيزياء الجسيمات الفلكية. تعمل الفيزيائية الفلكية بجانب النسبية كأداة لقياس خصائص الهياكل واسعة النطاق التي تلعب فيها الجاذبية دورًا مهمًا في الظواهر الفيزيائية التي أُجريَ التحقيق فيها وكأساس لفيزياء الثقوب السوداء ودراسة الموجات الثقالية.
",Astronomy
"بعض النظريات والنماذج المقبولة على نطاق واسع في علم الفلك والمضمنة الآن في نموذج لامبدا-سي دي إم هي الانفجار العظيم، والمادة المظلمة والنظريات الأساسية للفيزياء.
",Astronomy
"بعض الأمثلة على هذه العمليات:
",Astronomy
"إلى جانب التضخم الكوني، تعد المادة المظلمة والطاقة المظلمة من الموضوعات الرئيسية الحالية في علم الفلك،[83] حيث نشأ اكتشافهم وجدلهم أثناء دراسة المجرات.
",Astronomy
"الفيزياء الفلكية هي فرع من فروع علم الفلك يستخدم مبادئ الفيزياء والكيمياء ""للتأكد من طبيعة الأجرام الفلكية، بدلاً من مواقعها أو حركتها في الفضاء"".[84] من بين الأشياء التي أُجريَ دراستها الشمس، والنجوم الأخرى، والمجرات، والكواكب خارج المجموعة الشمسية، والوسط بين النجمي وإشعاع الخلفية الكونية الميكروي.[85][86] يجري فحص انبعاثاتها عبر جميع أجزاء الطيف الكهرومغناطيسي، وتشمل الخصائص التي يجري فحصها اللمعان والكثافة ودرجة الحرارة والتركيب الكيميائي. نظرًا لأن الفيزياء الفلكية هي موضوع واسع جدًا، فإن علماء الفيزياء الفلكية يطبقون عادةً العديد من تخصصات الفيزياء، بما في ذلك الميكانيكا والكهرومغناطيسية والميكانيكا الإحصائية والديناميكا الحرارية وميكانيكا الكم والنسبية والفيزياء النووية والجسيمات والفيزياء الذرية والجزيئية.
",Astronomy
"من الناحية العملية، غالبًا ما تتضمن الأبحاث الفلكية الحديثة قدرًا كبيرًا من العمل في مجالات الفيزياء النظرية والفيزياء القائمة على الملاحظة. تتضمن بعض مجالات الدراسة لعلماء الفيزياء الفلكية محاولاتهم لتحديد خصائص المادة المظلمة، والطاقة المظلمة، والثقوب السوداء. سواء كان السفر عبر الزمن ممكنًا أم لا، يمكن أن تتشكل الثقوب الدودية، أو يوجد الكون المتعدد؛ وأصل الكون ومصيره النهائي.[85] تشمل الموضوعات التي درسها علماء الفيزياء الفلكية النظرية أيضًا تكوين النظام الشمسي وتطوره. الديناميكا النجمية وتطورها. تكوين المجرة وتطورها. الهيدروديناميكا المغناطيسية. بنية واسعة النطاق للمادة في الكون؛ أصل الأشعة الكونية. النسبية العامة وعلم الكون الفيزيائي، بما في ذلك علم الكون الخيطي وفيزياء الجسيمات الفلكية.
",Astronomy
"الكيمياء الفلكية هي دراسة وفرة وتفاعلات الجزيئات في الكون، وتفاعلها مع الإشعاع.[87] هذا الفرع هو تداخل بين علم الفلك والكيمياء. يمكن تطبيق كلمة ""الكيمياء الفلكية"" على كل من النظام الشمسي والوسط النجمي. تسمى دراسة وفرة العناصر ونسب النظائر في أجرام النظام الشمسي، مثل النيازك، أيضًا الكيمياء الكونية، بينما تسمى أحيانًا دراسة الذرات والجزيئات بين النجوم وتفاعلها مع الإشعاع الفيزياء الفلكية الجزيئية. إن تكوين السحابات الجزيئية وتركيبها الذري والكيميائي وتطورها ومصيرها له أهمية خاصة، لأنه من هذه السحب تتشكل الأنظمة الشمسية.
",Astronomy
"تساهم الدراسات في هذا المجال في فهم تكوين النظام الشمسي، وأصل الأرض ووصف طبقاته الصخرية، والتولد التلقائي، وأصل المناخ والمحيطات.
",Astronomy
"علم الأحياء الفلكي هو مجال علمي متعدد التخصصات يهتم بالأصول والتطور المبكر والتوزيع ومستقبل الحياة في الكون. يدرس علم الأحياء الفلكي مسألة ما إذا كانت الحياة خارج كوكب الأرض (exobiology) موجودة، وكيف يمكن للبشر اكتشافها إذا كانت موجودة.[88][89]
",Astronomy
"يستفيد علم الأحياء الفلكي من علم الأحياء الجزيئي، والفيزياء الحيوية، والكيمياء الحيوية، والكيمياء، وعلم الفلك، وعلم الكون الفيزيائي، وعلم الكواكب خارج المجموعة الشمسية والجيولوجيا للتحقيق في إمكانية وجود الحياة في عوالم أخرى والمساعدة في التعرف على الغلاف الحيوي الذي قد يكون مختلفًا عن تلك الموجودة على الأرض.[90] يعد أصل الحياة وتطورها المبكر جزءًا لا يتجزأ من علم الأحياء الفلكي.[91] يهتم علم الأحياء الفلكي بتفسير البيانات العلمية الحالية، وعلى الرغم من أن التخمينات مسلية لإعطاء سياق، فإن علم الأحياء الفلكي يهتم في المقام الأول بالفرضيات التي تتناسب بشدة مع النظريات العلمية الحالية.
",Astronomy
"يشمل هذا المجال متعدد التخصصات البحث عن أصل أنظمة الكواكب، وأصول المركبات العضوية في الفضاء، والتفاعلات بين الصخور والمياه والكربون، والتولد التلقائي على الأرض، وإمكانية السكن على الكواكب، والبحث عن البصمات الحيوية لاكتشاف الحياة، ودراسات حول إمكانية التكيف مع الحياة. التحديات على الأرض وفي الفضاء الخارجي.[92][93][94]
",Astronomy
"تأتي كلمة cosmology ""علم الكون"" (من اليونانية κόσμος وهي تعني ""العالم والكون"" وكلمة λόγος وهي تعني ""منطق أو دراسة""). ويمكن اعتباره دراسة الكون ككل.
",Astronomy
"قدمت ملاحظات بنية الكون واسعة النطاق، وهي فرع يعرف باسم علم الكون الفيزيائي، فهمًا عميقًا لتكوين الكون وتطوره. من الأمور الأساسية لعلم الكون الحديث النظرية المقبولة جيدًا الانفجار العظيم، حيث بدأ كوننا في نقطة زمنية واحدة، ثم توسع بعد ذلك على مدار 13.8 مليار سنة[95] إلى حالته الحالية.[96] يمكن إرجاع مفهوم الانفجار العظيم إلى اكتشاف إشعاع الخلفية الكونية الميكروي في عام 1965.[96]
",Astronomy
"في سياق هذا التوسع، خضع الكون لعدة مراحل تطورية. في اللحظات الأولى، يُفترض أن الكون شهد تضخمًا كونيًا سريعًا للغاية، مما أدى إلى تجانس شروط البداية. بعد ذلك، أنتج التخليق النووي الوفرة الأولية للكون المبكر.[96] (انظر أيضًا علم التسلسل الزمني الكوني).
",Astronomy
"عندما تشكلت الذرات المحايدة الأولى من بحر من الأيونات البدائية، أصبح الفضاء واضحًا للإشعاع، وأطلق الطاقة التي يُنظر إليها اليوم على أنها إشعاع الخلفية الكونية الميكروي. ثم خضع الكون المتوسع لعصر مظلم بسبب نقص مصادر الطاقة النجمية.[97]
",Astronomy
"بدأ الهيكل الهرمي للمادة يتشكل من تغيرات دقيقة في كثافة كتلة الفضاء. تراكمت المادة في المناطق الأكثر كثافة، مكونة غيومًا من الغاز، وكانت النجوم الأولى هي النجوم الجمهورية الثالثة. أدت هذه النجوم الضخمة إلى عملية إعادة التأين ويعتقد أنها خلقت العديد من العناصر الثقيلة في بدايات الكون، والتي من خلال الاضمحلال النووي تخلق عناصر أخف، مما يسمح لدورة التخليق النووي بالاستمرار لفترة أطول.[98]
",Astronomy
"تجمعات الجاذبية تتجمع في خيوط، تاركة فراغات في الفجوات. تدريجيًا، اندمجت منظمات الغاز والغبار لتشكيل المجرات البدائية الأولى. بمرور الوقت، سحبت هذه المزيد من المواد، وغالبًا ما نظمت في مجموعات وعناقيد المجرات، ثم إلى عناقيد عملاقة واسعة النطاق.[99]
",Astronomy
"تعد مجالات الفيزياء المختلفة ضرورية لدراسة الكون. تشمل الدراسات متعددة التخصصات مجالات ميكانيكا الكم وفيزياء الجسيمات وفيزياء البلازما وفيزياء المواد المكثفة والميكانيكا الإحصائية والبصريات والفيزياء النووية.
",Astronomy
"إن وجود المادة المظلمة والطاقة المظلمة أمر أساسي في بنية الكون. يُعتقد الآن أن هذه هي المكونات السائدة، وتشكل 96% من كتلة الكون. لهذا السبب، يبذل الكثير من الجهد في محاولة فهم فيزياء هذه المكونات.[100]
",Astronomy
"تعتبر دراسة الأجسام الموجودة خارج مجرتنا فرع من فروع علم الفلك المعنية بتشكل وتطور المجرات؛ التصنيف والمورفولوجيا؛ وفحص النوى المجرية النشطة، ومجموعات وعناقيد المجرات. ويعد الأخير مهم لفهم هيكل الكون.
",Astronomy
"تنتظم معظم المجرات في أشكال مختلفة تسمح بخطط التصنيف. وهي عادةً ما تنقسم إلى مجرات لولبية، وإهليلجية، وغير منتظمة.[101]
",Astronomy
"تأخذ المجرة الإهليلجية الشكل المقطعي للقطع الناقص. وتتحرك النجوم من خلال مدارات عشوائية ليس لها اتجاه معين. وتحتوي تلك المجرات على القليل من الغبار بين النجمي، ومناطق تشكيل النجوم، ونجوم كبيرة. وتقع المجرات الإهليلجية عادةً في قلب المجموعات المجرية، ويمكن أن تتشكل من خلال دمج المجرات الكبيرة.
",Astronomy
"تنتظم المجرة اللولبية من خلال قرص مسطح دائري ذات انتفاخ أو قضيب بارز في المركز، بالإضافة إلى أذرع مشرقة لولبية بالخارج. وتعتبر الأذرع مناطق مغبرة لتكوين النجوم حيث تنتج النجوم الشابة الضخمة درجة من درجات اللون الأزرق. وتحيط بالمجرات اللولبية هالة من النجوم الكبيرة سنًا. وتعد كل من مجرة درب التبانة، ومجرة المرأة المسلسلة مجرات حلزونية.
",Astronomy
"وتتميز المجرات غير النظامية بأنها فوضوية، وهي ليست حلزونية ولا إهليلجية. يعدّ حوالي ربع المجرات غير نظامية، وتأتي الأشكال الغريبة لتلك المجرات نتيجة لتفاعل الجاذبية.
",Astronomy
"وتعد المجرة النشطة تشكيل ينبعث منه كمية كبيرة من طاقته من مصدر آخر غير النجوم، والغبار، والغاز، وتدعمه منطقة مدمجة في المركز، وهي عادةً ما يعتقد بأنها ثقب أسود فائق الحجم تنبعث منه إشعاعات من مواد ساقطة.
",Astronomy
"بينما تعتبر المجرة الراديوية مجرة نشطة، حيث أن الجزء الراديوي من الطيف مضيء جدًا وينبعث منه كميات هائلة من أعمدة أو فصوص الغاز. وتشمل المجرات النشطة التي ينبعث منها طاقة إشعاعية عالية مجموعة مجرة زايفرت، والنجوم الزائفة، والنجوم الزائفة المتوهجة. ويعتقد أن أشباه النجوم هي أشد الأجرام إضاءةً في الكون المعروف.[102]
",Astronomy
"ويتمثل الهيكل الكبير للكون من خلال مجموعات من المجرات. وينتظم ذلك الهيكل في تسلسل هرمي، ويعدّ العنقود المجري الهائل أكبر تلك الهياكل. وتتكون المادة المجمعة من خيوط مجرات وعناقيد مجرات، تاركةً فراغات كبيرة بينها.[103]
",Astronomy
"تدور مجموعتنا الشمسية داخل مجرة درب التبانة، وهي مجرة حلزونية ضلعية وعضو بارز في المجموعة المحلية من المجرات. وهي كتلة دوارة تتكون من الغاز، والغبار، والنجوم وغيرها من الأجسام التي ترتبط معًا بواسطة جاذبية متبادلة. وحيث أن كوكب الأرض يقع ضمن الذراع الخارجية المغبرة، هناك أجزاء كبيرة من مجرة درب التبانة لا يمكن رؤيتها.
",Astronomy
"ويقع القلب في مركز مجرة درب التبانة، وهو تضخم ضلعي الشكل ذا ثقب أسود فائق في المركز. يحيط به أربعة أذرع أساسية ذات قلب لولبي. وهي منطقة تتميز بالتشكيل النشط للنجوم التي تحتوي على العديد من النجوم الصغيرة من النوع الأول. ويحيط بالقرص هالة كروية من النجوم الكبيرة من النوع الثاني، بالإضافة إلى مجموعات كثيفة نسبياً من النجوم تعرف باسم العناقيد المغلقة.[104]
",Astronomy
"ويقع الوسط بين النجمي بين النجوم، وهي منطقة ذات مواد متناثرة. وتخلق السحب الجزيئية الهيدروجين وعناصر أخرى، يخلق مناطق لتكوين النجوم داخل المناطق ذات كثافة مرتفعة. ويبدأ ذلك في شكل السدم المظلمة ترتكز وتنخفض (في أحجام تتحدد بطول جينس) لتشكل نجوم أولية مضغوطة.[105]
",Astronomy
"وكلما تظهر النجوم الضخمة بكثرة، تتحول السحابة إلى منطقة هيدروجين II، التي تتكون من غازات وبلازما متوهجة. وتعمل الرياح النجمية وانفجارات السوبرنوفا الناتجة عن هذه النجوم على تفريق السحب، وغالباً ما تترك وراءها عناقيد مفتوحة من النجوم الشابة. ثم تتناثر تلك المجموعات تدريجيا، وتنضم النجوم لسكان مجرة درب اللبانة.[106]
",Astronomy
"أوضحت الدراسات الحركية للمادة داخل مجرة درب التبانة والمجرات الأخرى أن هناك كتل أكبر من المعروفة بالنسبة للمواد المرئية. وتظهر هالة مادية مظلمة، ويبدو أنها تسيطر على الكتلة، على الرغم من عدم تحديد طبيعة تلك المادة المظلمة.[107]
",Astronomy
"تعتبر دراسة النجوم وتطور النجوم أمرًا أساسيًا لفهمنا للكون. ساهمت الفيزياء الفلكية بتحديد النجوم من خلال المراقبة والفهم النظري. ومن عمليات المحاكاة الحاسوبية للداخل.[108] يحدث تكون النجوم في مناطق كثيفة من الغبار والغاز، والمعروفة باسم السحب الجزيئية العملاقة. عند زعزعة الاستقرار، يمكن أن تنهار شظايا السحب تحت تأثير الجاذبية لتشكل نجمًا أوليًا. ستؤدي المنطقة الأساسية شديدة الكثافة والساخنة إلى اندماج نووي، وبالتالي إنشاء نجم تسلسل أساسي.[105]
",Astronomy
"تكونت جميع العناصر الأثقل من الهيدروجين والهيليوم داخل قلب النجوم.[108]
",Astronomy
"تعتمد خصائص النجم الناتج بشكل أساسي على كتلته الأولية. كلما زاد حجم النجم، زاد لمعانه، وزادت سرعة اندماج وقود الهيدروجين في الهيليوم في قلبه. بمرور الوقت، يتحول وقود الهيدروجين بالكامل إلى هيليوم، ويبدأ النجم في التطور. يتطلب اندماج الهيليوم درجة حرارة أساسية أعلى. النجم ذو درجة حرارة أساسية عالية بما يكفي سيدفع طبقاته الخارجية إلى الخارج مع زيادة كثافته الأساسية. العملاق الأحمر الناتج عن تمدد الطبقات الخارجية يتمتع بعمر قصير، قبل أن يُستهلك وقود الهيليوم في القلب بدوره. يمكن للنجوم الضخمة جدًا أن تمر أيضًا بسلسلة من المراحل التطورية، لأنها تندمج بشكل متزايد مع عناصر أثقل.[109]
",Astronomy
"يعتمد المصير النهائي للنجم على كتلته، حيث تصبح النجوم ذات الكتلة الأكبر من حوالي ثمانية أضعاف الشمس مستعرات أعظم؛[110] بينما تنفجر النجوم الأصغر عن طبقاتها الخارجية وتترك وراءها اللب الخامل على شكل قزم أبيض. يشكل طرد الطبقات الخارجية سديمًا كوكبيًا.[111] بقايا المستعر الأعظم هو نجم نيوتروني كثيف، أو ثقب أسود إذا كانت الكتلة النجمية أكبر بثلاث مرات على الأقل من الشمس.[112] يمكن للنجوم الثنائية التي تدور عن قرب أن تتبع مسارات تطورية أكثر تعقيدًا، مثل انتقال الكتلة إلى رفيق قزم أبيض يمكن أن يتسبب في حدوث مستعر أعظم.[113] توزع السدم الكوكبية والمستعرات الأعظمية ""المعدنية"" المنتجة في النجم عن طريق الاندماج في الوسط النجمي؛ بدونها، كل النجوم الجديدة (وأنظمتها الكوكبية) ستتشكل من الهيدروجين والهيليوم فقط.[114]
",Astronomy
"وعلى مسافة تصل إلى نحو ثماني دقائق ضوئية، تعدّ الشمس أكثر النجوم دراسةً، وهي نجم قزمي نموذجي من المجموعة G2 V، ويبلغ عمرها حوالى 4.6 مليار عام. لا تعتبر الشمس نجمًا متغيرًا، ولكنها لا تخضع للتغييرات الدورية في نشاطها المعروف باسم الدورة الشمسية. وذلك يعد تقلباً في الأرقام الشمسية لمدة 11 عاماً. والبقع الشمسية هي مناطق ذات درجة حرارة أقل من المتوسط ترتبط بالنشاط المغناطيسي المكثف.[115]
",Astronomy
"ازدادت الشمس إشراقًا عبر الزمن، وتبلغ الزيادة بنسبة 40% منذ أن أصبحت الشمس نجم تسلسل رئيسي. كما خضعت الشمس أيضا لتغيرات دورية من حيث الإشراق والذي يمكن أن يكون له تأثير ملموس على كوكب الأرض.[116] وعلى سبيل المثال، يعتقد أن ظاهرة موندر قد سببت حدوث ظاهرة العصر الجليدي الصغير خلال القرون الوسطى.[117]
",Astronomy
"يطلق على السطح الخارجي المرئي للشمس الفوتوسفير. ويوجد فوق هذه الطبقة، منطقة رقيقة تعرف باسم الكروموسفير. ويحيط بها منطقة انتقالية ذات درجات حرارة تتزايد بسرعة، ثم يأتي بعدها طبقة الهالة الساخنة.
",Astronomy
"ويقع في مركز الشمس المنطقة الرئيسية، وهي تحتوي على كمية من درجة الحرارة والضغط تكفي لحدوث اندماج نووي. بينما يوجد فوق المنطقة الرئيسية منطقة الإشعاع، حيث تنقل البلازما تدفق الطاقة عن طريق الإشعاعات. وتكون الطبقات الخارجية منطقة حرارية حيث تنقل المواد الغازية الطاقة عن طريق تغيير المكان الفيزيائي للغاز. ويعتقد بأن تلك المنطقة الحرارية تخلق نشاطًا مغناطيسيًا مما يولد بقع شمسية.[115]
",Astronomy
"يخرج من الشمس رياح شمسية تتكون من جزيئات البلازما في شكل تيارات حتى تصل إلى منطقة أفول الشمس. وتتفاعل هذه الرياح الشمسية مع المجال المغناطيسي لكوكب الأرض لتكوين حزام فان آلن الإشعاعي، بالإضافة إلى الشفق القطبي، حيث تنحدر خطوط الحقل المغناطيسي لكوكب الأرض لتصل إلى الغلاف الجوي.[118]
",Astronomy
"يفحص مجال الفلك تجمع الكواكب، والأقمار، والكواكب القزمية، والمذنبات، والكويكبات، وغيرها من الأجسام التي تدور حول الشمس، فضلا عن الكواكب التي تقع خارج المجموعة الشمسية. ولقد دُرسَ النظام الشمسي بشكل جيد نسبيًا باستخدام التلسكوب في باديء الأمر، ثم من خلال المركبات الفضائية. وأدى ذلك إلى فهم كيفية تكوين وتطور الكواكب بشكل جيد وشامل، على الرغم من وجود العديد من الاكتشافات الجديدة.[119]
",Astronomy
"وينقسم النظام الشمسي إلى الكواكب الداخلية، وحزام الكويكبات، والكواكب الخارجية. تتكون الكواكب الصخرية الداخلية من كوكب عطارد، والزهرة، والأرض، والمريخ. بينما تضم الكواكب الغازية الخارجية كل من كوكب المشتري، وزحل، واورانوس، ونبتون.[120] ويقع حزام كايبر بعد كوكب نبتون، وأخيراً توجد سحابة أورط التي قد تمتد على بعد سنة ضوئية.
",Astronomy
"وتكونت الكواكب قبل 4.6 مليار سنة من خلال قرص كوكبي كان يحيط بالشمس في أول عهدها. كون ذلك القرص كتل مادية تطورت مع الوقت لتصبح كواكب أولية، وتمت تلك العملية من خلال الجاذبية، والتصادم، والتراكم. ثم قام الضغط الإشعاعي الناتج من الرياح الشمسية بطرد معظم المواد التي لم تتطور بعد، ونجد أن الكواكب التي لديها كتل كافية هي التي حافظت على الغلاف الجوي الغازي. واستمرت الكواكب في طرد المواد المتبقية خلال فترة من القصف المكثف، والدليل على ذلك هو وجود حفر عديدة على سطح القمر. وخلال تلك الفترة، يمكن لبعض الكواكب الأولية أن تصطدم ببعضها البعض، وتلك هي الفرضية الرائدة حول كيفية تكون القمر.[121]
",Astronomy
"وعندما يصل الكوكب إلى الكتلة الكافية، تعزل المواد ذات الكثافة المختلفة داخل الكوكب، وذلك خلال التمايز الكوكبي. ويمكن لهذه العملية أن تشكل نواة صخرية أو معدنية محاطة بغطاء وسطح خارجي. ويمكن أن تضم النواة مناطق صلبة وسائلة، بينما تنتج بعض النوى الكوكبية المجال المغناطيسي الخاص بها الذي يمكن أن يحمي غلافها الجوي من الرياح الشمسية.[122]
",Astronomy
"تنتج الحرارة الداخلية لأي كوكب أو قمر من التصادمات التي تحدث بسبب تجمع المكونات في باطنه، ومن ضمنها المواد المشعة (مثل: اليورانيوم، والثوريوم، والألومنيوم-26 أو الحرارة الناتجة من المد والجزر، وهذه تنشأ من تجاذب الكوكب لنجمه (شمسه) المركزي الكبير). تنشأ في بعض الكواكب والأقمار قوى تعمل على دفع العمليات الجيولوجية على سطح الكوكب، مثل البراكين وحركات الصفائح التكتونية. إذا كان للكوكب كتلة استطاع الاحتفاظ بغلافه الجوي عن طريق الجاذبية، أما إذا كانت كتلته غبر كافية فإنه يفقد ما عليه من غازات ولا يحصل على غلافه الجوي. وبمعرفتنا أن القمر مثلا ليس له غلاف جوي بسبب صغر كتلته. تبرد الأجرام الصغيرة التي ليس لها تسارع مدي بسرعة كبيرة؛ ويتوقف نشاطها الجيولوجي باستثناء أثر الفوهات الصدمية.[123]
",Astronomy
"ظهرت العديد من الروابط الهامة متعددة التخصصات بين علم الفلك والفيزياء الفلكية ومع غيرها من المجالات العلمية الرئيسية. يدرس علم الآثار الفلكي الفلك القديم أو التقليدي من حيث سياقها الثقافي مستخدمًا أدلة أثرية وأنثروبولوجية.[124][125] بينما يهتم علم الأحياء الفلكي بدراسة ظهور وتطور النظم البيولوجية في الكون، مع التركيز بوجه خاص على إمكانية وجود حياة خارج كوكب الأرض.[126]
",Astronomy
"يطلق على دراسة المواد الكيميائية الموجودة في الفضاء، بما في ذلك التشكيل والتفاعل والتلاشي، بعلم الكيمياء الفلكية. وتوجد هذه المواد عادةً في السحب الجزيئية، على الرغم من أنها قد تظهر داخل النجوم ذات درجة حرارة منخفضة، والكواكب القزمية البنية. وتهتم الكيمياء الكونية بدراسة المواد الكيميائية الموجودة داخل المجموعة الشمسية، بما في ذلك أصول العناصر والاختلافات في نسب النظائر.[127] وتمثل كل من هذه المجالات تداخل التخصصات في علم الفلك والكيمياء.
",Astronomy
"يعد علم الفلك واحدًا من العلوم التي يمكن للهواة المساهمة فيه بشكل كبير.[6]
",Astronomy
"يلاحظ هواة علم الفلك مجموعة متنوعة من الأجسام السماوية والظواهر باستخدام معدات بنوها بأنفسهم. وتشمل الأهداف المشتركة لهواة علم الفلك القمر، والكواكب، والنجوم، والمذنبات، وزخات الشهب، ومجموعة متنوعة من أجسام السماء العميقة مثل عناقيد النجوم، والمجرات، والسدم. ويعدّ علم الفوتوغرافيا الفلكية فرعاً من فروع علم الفلك للهواة، وهو يضم التقاط صور للسماء مساءً. ويحب كثير من الهواة التخصص في رصد أجسام معينة، وأنواع من الأجسام، أو أنواع من الأحداث التي تهمهم.[128][129]
",Astronomy
"ويعمل معظم الهواة في الأطوال الموجية المرئية، بينما يهتم عدد قليل منهم بالتجارب الخاصة بالأطوال الموجية خارج الطيف المرئي. وهذا يشمل استخدام مرشحات الأشعة تحت الحمراء في التلسكوبات التقليدية، بالإضافة إلى استخدام التلسكوبات الراديوية. ويعدّ كارل جانسكي رائداً من هواة علم الفلك الراديوي، ولقد بدأ بمراقبة السماء من خلال موجات راديوية في الثلاثينيات. واستخدم عدد من هواة الفلك تلسكوبات محلية الصنع أو تلسكوبات راديوية بنيت أصلاً لتستخدم في البحوث الفلكية، ولكنها أصبحت الآن متاحة للهواة (مثل: مقراب الواحد ميل).[130][131]
",Astronomy
"واستمر الفلكيين الهواة في تقديم إسهامات علمية في مجال علم الفلك. ويعدّ علم الفلك واحداً من التخصصات العلمية القليلة التي ما زال الهواة قادرون على تقديم مساهمات علمية هامة. ويمكن للهواة إجراء قياسات غيبية تستخدم لصقل مدارات الكواكب الصغيرة. كما يمكنهم اكتشاف المذنبات، وتدوين ملاحظات عادية حول العديد من النجوم. وسمحت التحسينات التي حدثت في التكنولوجيا الرقمية للهواة بتقديم مساهمات رائعة في مجال الفوتوغرافيا الفلكية.[132][133][134]
",Astronomy
"مع أن النظام العلمي لعلم الفلك قد خطى خطوات هائلة نحو فهم طبيعة الكون ومحتوياته، إلّا أنه ما زال هناك بعض الأسئلة الهامة التي لم يُجَبْ عنها، وقد تتطلب الإجابة على تلك الأسئلة بناء معدات أرضية وفضائية جديدة، وربما التطورات الجديدة في مجال الفيزياء النظرية والتجريبية.
",Astronomy
"خلال الجمعية العامة رقم 62 للأمم المتحدة، أعلنت سنة 2009 لتكون السنة الدولية لعلم الفلك (IYA2009)، وأصبح القرار رسمياً في 20 ديسمبر 2008. بالإضافة إلى وجود مخطط عالمي وضعه الاتحاد الفلكي الدولي (IAU)، كما أيدته منظمة اليونسكو، وهي القسم المسؤول عن الأمور التعليمية والعلمية والثقافية بالأمم المتحدة. كانت تهدف الـIYA2009 إلى الاحتفال العالمي بعلم الفلك ومساهماته في المجتمع والثقافة، وتحفيز الاهتمام العالمي بعلم الفلك والعلم بصفة عامة، خاصة الشباب.[149]
",Astronomy
